{
  "ssss": {
    "2026-06-17 14:50:19": {
      "settings": {},
      "data": {
        "0": [
          [
            0.096435546875,
            0.0920867919921875,
            -0.0019073486328125,
            -0.200958251953125,
            0.0046539306640625,
            -0.150604248046875,
            -0.04669189453125,
            0.2277374267578125
          ],
          [
            0.09613037109375,
            0.092315673828125,
            -0.0020599365234375,
            -0.200958251953125,
            0.0043487548828125,
            -0.1505279541015625,
            -0.04669189453125,
            0.2278900146484375
          ]
        ],
        "1": [
          [
            0.096435546875,
            0.09033203125,
            -0.001983642578125,
            -0.2008819580078125,
            0.008392333984375,
            -0.142974853515625,
            -0.0507354736328125,
            0.2263641357421875
          ],
          [
            0.0959014892578125,
            0.090179443359375,
            -0.001983642578125,
            -0.2010345458984375,
            0.008392333984375,
            -0.1428985595703125,
            -0.0505828857421875,
            0.2269744873046875
          ]
        ],
        "2": [
          [
            0.094451904296875,
            0.0873565673828125,
            -0.001983642578125,
            -0.201568603515625,
            0.0128936767578125,
            -0.13824462890625,
            -0.054779052734375,
            0.225372314453125
          ],
          [
            0.094451904296875,
            0.0872039794921875,
            -0.0019073486328125,
            -0.2016448974609375,
            0.0128936767578125,
            -0.1383209228515625,
            -0.054779052734375,
            0.2263641357421875
          ]
        ],
        "3": [
          [
            0.0928497314453125,
            0.0878143310546875,
            -0.0020599365234375,
            -0.201873779296875,
            0.0176239013671875,
            -0.131072998046875,
            -0.0583648681640625,
            0.2243804931640625
          ],
          [
            0.0928497314453125,
            0.0882720947265625,
            -0.00213623046875,
            -0.2022552490234375,
            0.0177764892578125,
            -0.1314544677734375,
            -0.0585174560546875,
            0.2239990234375
          ]
        ],
        "4": [
          [
            0.0907135009765625,
            0.0836944580078125,
            -0.001983642578125,
            -0.2025604248046875,
            0.0186920166015625,
            -0.1251220703125,
            -0.0595855712890625,
            0.2225494384765625
          ],
          [
            0.0908660888671875,
            0.0838470458984375,
            -0.00213623046875,
            -0.2027130126953125,
            0.0185394287109375,
            -0.12451171875,
            -0.0595855712890625,
            0.2225494384765625
          ]
        ],
        "5": [
          [
            0.09002685546875,
            0.0836181640625,
            -0.00213623046875,
            -0.2027130126953125,
            0.0189208984375,
            -0.1267242431640625,
            -0.059814453125,
            0.224151611328125
          ],
          [
            0.0901031494140625,
            0.0836181640625,
            -0.0020599365234375,
            -0.2030181884765625,
            0.0189208984375,
            -0.126190185546875,
            -0.05950927734375,
            0.223846435546875
          ]
        ],
        "6": [
          [
            0.0884246826171875,
            0.0809478759765625,
            -0.0018310546875,
            -0.2030181884765625,
            0.01922607421875,
            -0.1226806640625,
            -0.0598907470703125,
            0.223388671875
          ],
          [
            0.0885772705078125,
            0.0811004638671875,
            -0.001983642578125,
            -0.2032470703125,
            0.0193023681640625,
            -0.12237548828125,
            -0.0603485107421875,
            0.2239227294921875
          ]
        ],
        "7": [
          [
            0.090484619140625,
            0.083160400390625,
            -0.0019073486328125,
            -0.202789306640625,
            0.01922607421875,
            -0.123443603515625,
            -0.059967041015625,
            0.2237701416015625
          ],
          [
            0.0902557373046875,
            0.0829315185546875,
            -0.0020599365234375,
            -0.20294189453125,
            0.0191497802734375,
            -0.1235198974609375,
            -0.059814453125,
            0.22308349609375
          ]
        ],
        "8": [
          [
            0.0902557373046875,
            0.0838470458984375,
            -0.001983642578125,
            -0.2024078369140625,
            0.0189971923828125,
            -0.125885009765625,
            -0.0595855712890625,
            0.2220916748046875
          ],
          [
            0.0905609130859375,
            0.0838470458984375,
            -0.0020599365234375,
            -0.2024078369140625,
            0.0188446044921875,
            -0.12542724609375,
            -0.0595855712890625,
            0.222625732421875
          ]
        ],
        "9": [
          [
            0.089263916015625,
            0.083465576171875,
            -0.0020599365234375,
            -0.2025604248046875,
            0.01922607421875,
            -0.12481689453125,
            -0.0598907470703125,
            0.2227783203125
          ],
          [
            0.0893402099609375,
            0.083160400390625,
            -0.001983642578125,
            -0.2024078369140625,
            0.0194549560546875,
            -0.1251220703125,
            -0.0600433349609375,
            0.2231597900390625
          ]
        ],
        "10": [
          [
            0.08880615234375,
            0.0830078125,
            -0.001983642578125,
            -0.2031707763671875,
            0.0202178955078125,
            -0.122528076171875,
            -0.0606536865234375,
            0.2237701416015625
          ],
          [
            0.0887298583984375,
            0.082855224609375,
            -0.0019073486328125,
            -0.2033233642578125,
            0.0201416015625,
            -0.122222900390625,
            -0.06072998046875,
            0.2227783203125
          ]
        ],
        "11": [
          [
            0.0901031494140625,
            0.0832366943359375,
            -0.0019073486328125,
            -0.2032470703125,
            0.0200653076171875,
            -0.1213836669921875,
            -0.06072998046875,
            0.22308349609375
          ],
          [
            0.090179443359375,
            0.083465576171875,
            -0.001983642578125,
            -0.2031707763671875,
            0.019989013671875,
            -0.1218414306640625,
            -0.0609588623046875,
            0.222930908203125
          ]
        ],
        "12": [
          [
            0.0908660888671875,
            0.0823211669921875,
            -0.001983642578125,
            -0.2027130126953125,
            0.0200653076171875,
            -0.1247406005859375,
            -0.060577392578125,
            0.22308349609375
          ],
          [
            0.090789794921875,
            0.08270263671875,
            -0.0022125244140625,
            -0.20263671875,
            0.020294189453125,
            -0.12420654296875,
            -0.06072998046875,
            0.2236175537109375
          ]
        ],